table_0.csv,table_1.csv,table_10.csv
1.0,0.0546875,0.0
0.0546875,1.0,0.0
0.0,0.0,1.0
