table_0.csv,table_1.csv
1.0,0.0859375
0.0859375,1.0
