table_0.csv,table_1.csv,table_10.csv
1.0,0.061377245508982034,0.0
0.061377245508982034,1.0,1.2666404894298852e-05
0.0,1.2666404894298852e-05,1.0
